<?xml version="1.0"?>
<!DOCTYPE hibernate-mapping PUBLIC "-//Hibernate/Hibernate Mapping DTD 3.0//EN"
"http://www.hibernate.org/dtd/hibernate-mapping-3.0.dtd">
<!-- Generated Jun 5, 2017 1:35:23 AM by Hibernate Tools 4.3.1 -->
<hibernate-mapping>
    <class name="model.pojo.Authority" table="authority" catalog="heroku_1e588fc995ef1f5" optimistic-lock="version">
        <id name="id" type="int">
            <column name="id" />
            <generator class="assigned" />
        </id>
        <many-to-one name="faculty" class="model.pojo.Faculty" fetch="select">
            <column name="faculty_id" not-null="true" />
        </many-to-one>
        <many-to-one name="major" class="model.pojo.Major" fetch="select">
            <column name="major_id" not-null="true" />
        </many-to-one>
        <property name="email" type="string">
            <column name="email" length="100" not-null="true" />
        </property>
        <property name="firstName" type="string">
            <column name="first_name" length="45" not-null="true" />
        </property>
        <property name="lastName" type="string">
            <column name="last_name" length="45" not-null="true" />
        </property>
        <property name="address" type="string">
            <column name="address" length="1000" not-null="true" />
        </property>
        <property name="phoneNumber" type="string">
            <column name="phone_number" length="45" not-null="true" />
        </property>
        <property name="role" type="string">
            <column name="role" length="100" not-null="true" />
        </property>
    </class>
</hibernate-mapping>
