<?xml version="1.0"?>
<!DOCTYPE hibernate-mapping PUBLIC "-//Hibernate/Hibernate Mapping DTD 3.0//EN"
"http://www.hibernate.org/dtd/hibernate-mapping-3.0.dtd">
<!-- Generated Jun 5, 2017 1:35:23 AM by Hibernate Tools 4.3.1 -->
<hibernate-mapping>
    <class name="model.pojo.ChangeSectionForm" table="change_section_form" catalog="heroku_1e588fc995ef1f5" optimistic-lock="version">
        <composite-id name="id" class="model.pojo.ChangeSectionFormId">
            <key-property name="submitTime" type="timestamp">
                <column name="submit_time" length="19" />
            </key-property>
            <key-property name="studentId" type="int">
                <column name="student_id" />
            </key-property>
        </composite-id>
        <many-to-one name="student" class="model.pojo.Student" update="false" insert="false" fetch="select">
            <column name="student_id" not-null="true" />
        </many-to-one>
        <property name="currentStage" type="int">
            <column name="current_stage" not-null="true" />
        </property>
        <property name="status" type="string">
            <column name="status" length="45" not-null="true" />
        </property>
        <property name="requestOption" type="int">
            <column name="request_option" not-null="true" />
        </property>
        <property name="courseNumber" type="string">
            <column name="course_number" length="45" not-null="true" />
        </property>
        <property name="sectionNumber" type="string">
            <column name="section_number" length="45" not-null="true" />
        </property>
        <property name="requestMessage" type="string">
            <column name="request_message" length="1000" />
        </property>
        <property name="deanApprovalSignature" type="string">
            <column name="dean_approval_signature" length="100" />
        </property>
        <property name="deanApprovalDate" type="timestamp">
            <column name="dean_approval_date" length="19" />
        </property>
    </class>
</hibernate-mapping>
