<?xml version="1.0"?>
<!DOCTYPE hibernate-mapping PUBLIC "-//Hibernate/Hibernate Mapping DTD 3.0//EN"
"http://www.hibernate.org/dtd/hibernate-mapping-3.0.dtd">
<!-- Generated Jun 5, 2017 1:35:23 AM by Hibernate Tools 4.3.1 -->
<hibernate-mapping>
    <class name="model.pojo.Faculty" table="faculty" catalog="heroku_1e588fc995ef1f5" optimistic-lock="version">
        <id name="id" type="java.lang.Integer">
            <column name="id" />
            <generator class="identity" />
        </id>
        <property name="name" type="string">
            <column name="name" length="100" not-null="true" />
        </property>
        <set name="students" table="student" inverse="true" lazy="true" fetch="select">
            <key>
                <column name="faculty_id" not-null="true" />
            </key>
            <one-to-many class="model.pojo.Student" />
        </set>
        <set name="authorities" table="authority" inverse="true" lazy="true" fetch="select">
            <key>
                <column name="faculty_id" not-null="true" />
            </key>
            <one-to-many class="model.pojo.Authority" />
        </set>
        <set name="majors" table="major" inverse="true" lazy="true" fetch="select">
            <key>
                <column name="faculty_id" not-null="true" />
            </key>
            <one-to-many class="model.pojo.Major" />
        </set>
    </class>
</hibernate-mapping>
