<?xml version="1.0"?>
<!DOCTYPE hibernate-mapping PUBLIC "-//Hibernate/Hibernate Mapping DTD 3.0//EN"
"http://www.hibernate.org/dtd/hibernate-mapping-3.0.dtd">
<!-- Generated Jun 5, 2017 1:35:23 AM by Hibernate Tools 4.3.1 -->
<hibernate-mapping>
    <class name="model.pojo.FormType" table="form_type" catalog="heroku_1e588fc995ef1f5" optimistic-lock="version">
        <id name="id" type="java.lang.Integer">
            <column name="id" />
            <generator class="identity" />
        </id>
        <property name="name" type="string">
            <column name="name" length="100" not-null="true" />
        </property>
        <property name="formPath" type="string">
            <column name="form_path" length="100" not-null="true" />
        </property>
        <property name="tableName" type="string">
            <column name="table_name" length="100" not-null="true" />
        </property>
        <property name="maxStage" type="int">
            <column name="max_stage" not-null="true" />
        </property>
        <property name="flow" type="string">
            <column name="flow" length="1000" not-null="true" />
        </property>
    </class>
</hibernate-mapping>
